{
  "current": {
    "color_primary": "#a25537",
    "color_secondary": "#dcdcdc",
    "color_accent": "#a25537",
    "color_body_bg": "#fff",
    "color_borders": "#ececec",
    "product_reviews_star_color": "#e5c649",
    "color_header_background": "#ebe7e5",
    "color_header_text": "#000000",
    "color_header_cart_search": "#ffffff",
    "color_nav_bg": "#382e2a",
    "color_nav_text": "#ffffff",
    "color_body_text": "#585858",
    "color_heading_text": "#000",
    "color_footer_bg": "#ebe7e5",
    "color_footer_text": "#000000",
    "color_footer_social_link": "#0f243d",
    "type_base_font": "montserrat_n5",
    "type_base_size": "13px",
    "type_header_font": "montserrat_n7",
    "type_header_transform": true,
    "type_accent_font": "montserrat_n5",
    "type_navigation_size": "14px",
    "type_navigation_transform": true,
    "type_button_size": "14px",
    "type_button_transform": true,
    "favicon": "",
    "cart_notes_enable": false,
    "ajax_cart_method": "modal",
    "share_image": "",
    "social_twitter_link": "",
    "social_facebook_link": "",
    "social_pinterest_link": "",
    "social_google_plus_link": "",
    "social_instagram_link": "",
    "social_snapchat_link": "",
    "social_tumblr_link": "",
    "social_youtube_link": "",
    "social_vimeo_link": "",
    "social_fancy_link": "",
    "social_sharing_style": "is-normal",
    "share_facebook": true,
    "share_twitter": true,
    "share_pinterest": true,
    "superscript_decimals": true,
    "checkout_header_image": "",
    "checkout_logo_image": "",
    "checkout_logo_position": "left",
    "checkout_logo_size": "medium",
    "checkout_body_background_image": "",
    "checkout_body_background_color": "#fff",
    "checkout_input_background_color_mode": "white",
    "checkout_sidebar_background_image": "",
    "checkout_sidebar_background_color": "#fafafa",
    "checkout_heading_font": "-apple-system, BlinkMacSystemFont, 'Segoe UI', Roboto, Helvetica, Arial, sans-serif, 'Apple Color Emoji', 'Segoe UI Emoji', 'Segoe UI Symbol'",
    "checkout_body_font": "-apple-system, BlinkMacSystemFont, 'Segoe UI', Roboto, Helvetica, Arial, sans-serif, 'Apple Color Emoji', 'Segoe UI Emoji', 'Segoe UI Symbol'",
    "checkout_accent_color": "#197bbd",
    "checkout_button_color": "#197bbd",
    "checkout_error_color": "#e32c2b",
    "collection_sidebar_filters": "tags",
    "sections": {
      "header": {
        "type": "header",
        "settings": {
          "menu": "main-menu",
          "logo": "shopify:\/\/shop_images\/bike-shed-logo.png",
          "logo_max_width": "250",
          "show_announcement": true,
          "announcement_text": "About This Store",
          "announcement_link": "shopify:\/\/pages\/about"
        }
      },
      "footer": {
        "type": "footer",
        "blocks": {
          "1530504022821": {
            "type": "text",
            "settings": {
              "title": "About",
              "richtext": "<p>Learn&nbsp;about how and why this store was created.<\/p>\n<p><\/p>\n<p><a href=\"\/pages\/about\" title=\"About This Store\"><strong>About This Store&nbsp;&raquo;<\/strong><\/a><\/p>",
              "width": "100%"
            }
          }
        },
        "block_order": [
          "1530504022821"
        ],
        "settings": {
          "social_enabled": false,
          "legal_menu": ""
        }
      },
      "slideshow": {
        "type": "slideshow",
        "blocks": {
          "slide-1": {
            "type": "image",
            "settings": {
              "slide": "shopify:\/\/shop_images\/new-road-bike.jpg",
              "link": "shopify:\/\/products\/artist-series-no-001"
            }
          },
          "slide-2": {
            "type": "image",
            "settings": {
              "slide": "shopify:\/\/shop_images\/bicycle-handlebars.jpg",
              "link": "shopify:\/\/products\/artist-series-no-001"
            }
          },
          "slide-0": {
            "type": "image",
            "settings": {
              "slide": "shopify:\/\/shop_images\/city-bike.jpg",
              "link": "shopify:\/\/products\/artist-series-no-001"
            }
          }
        },
        "block_order": [
          "slide-1",
          "slide-2",
          "slide-0"
        ],
        "settings": {
          "slider_home_auto": false,
          "slider_home_rate": "5000"
        }
      },
      "collection-list": {
        "type": "collection-list",
        "blocks": {
          "collection-list-0": {
            "type": "collection",
            "settings": {
              "collection": "bikes"
            }
          },
          "collection-list-1": {
            "type": "collection",
            "settings": {
              "collection": "parts"
            }
          },
          "1530091446931": {
            "type": "collection",
            "settings": {
              "collection": "accessories"
            }
          }
        },
        "block_order": [
          "collection-list-0",
          "collection-list-1",
          "1530091446931"
        ],
        "settings": {}
      },
      "collection-row-1": {
        "type": "collection-rows",
        "settings": {
          "title": "Popular Bikes",
          "home_featured_row": "best-sellers",
          "grid": 4,
          "rows": 1,
          "product_show_saved_amount": false,
          "product_show_compare_at_price": false
        }
      },
      "collection-row-2": {
        "type": "collection-rows",
        "settings": {
          "title": "On Sale",
          "home_featured_row": "sale",
          "grid": 4,
          "rows": 1,
          "product_show_saved_amount": true,
          "product_show_compare_at_price": false
        }
      },
      "collection-row-3": {
        "type": "collection-rows",
        "disabled": true,
        "settings": {
          "title": "Featured collection",
          "home_featured_row": "",
          "grid": 4,
          "rows": 1,
          "product_show_saved_amount": true,
          "product_show_compare_at_price": false
        }
      },
      "collection-template": {
        "type": "collection-template",
        "settings": {
          "grid": "2",
          "rows": "6",
          "collection_sidebar_filters": "tags",
          "product_show_compare_at_price": false,
          "product_show_saved_amount": true,
          "product_reviews_enable": false,
          "enable_sidebar": true
        }
      },
      "search-template": {
        "type": "search-template",
        "settings": {
          "product_show_compare_at_price": false,
          "product_show_saved_amount": true
        }
      },
      "list-collections-template": {
        "type": "list-collections-template",
        "settings": {
          "display_type": "all",
          "layout": "grid",
          "sort": "alphabetical",
          "grid": "3"
        }
      },
      "product-template": {
        "type": "product-template",
        "settings": {
          "product_image_zoom_enable": true,
          "product_quantity_enable": false,
          "product_quantity_message": false,
          "product_incoming_message": false,
          "product_vendor_enable": true,
          "product_show_saved_amount": true,
          "product_show_compare_at_price": false,
          "related_products_enable": true,
          "enable_payment_button": false,
          "social_sharing_products": false,
          "product_reviews_enable": false,
          "add_to_cart_button_size": "medium",
          "bike_decal_text_property": "Decal text",
          "bike_decal_color_property": "Decal color"
        }
      },
      "bike-builder": {
        "type": "bike-builder",
        "blocks": {
          "1530318986606": {
            "type": "component",
            "settings": {
              "title": "Frameset",
              "collection": "framesets"
            }
          },
          "1530319001864": {
            "type": "component",
            "settings": {
              "title": "Wheelset",
              "collection": "wheelsets"
            }
          },
          "1530319064177": {
            "type": "component",
            "settings": {
              "title": "Tires",
              "collection": "tires"
            }
          },
          "1530319022091": {
            "type": "component",
            "settings": {
              "title": "Crank",
              "collection": "cranks"
            }
          },
          "1530319100685": {
            "type": "component",
            "settings": {
              "title": "Freewheel",
              "collection": "freewheels"
            }
          },
          "1530319083284": {
            "type": "component",
            "settings": {
              "title": "Chain",
              "collection": "chains"
            }
          },
          "1530319025995": {
            "type": "component",
            "settings": {
              "title": "Bottom bracket",
              "collection": "bottom-brackets"
            }
          },
          "1530319030148": {
            "type": "component",
            "settings": {
              "title": "Pedals",
              "collection": "pedals"
            }
          },
          "1530319033973": {
            "type": "component",
            "settings": {
              "title": "Headset",
              "collection": "headset"
            }
          },
          "1530319038036": {
            "type": "component",
            "settings": {
              "title": "Brakes",
              "collection": "brakes"
            }
          },
          "1530319041937": {
            "type": "component",
            "settings": {
              "title": "Stem",
              "collection": "stems"
            }
          },
          "1530319044705": {
            "type": "component",
            "settings": {
              "title": "Handlebars",
              "collection": "handlebars"
            }
          },
          "1530319050085": {
            "type": "component",
            "settings": {
              "title": "Bar tape",
              "collection": "bar-tape"
            }
          }
        },
        "block_order": [
          "1530318986606",
          "1530319001864",
          "1530319064177",
          "1530319022091",
          "1530319100685",
          "1530319083284",
          "1530319025995",
          "1530319030148",
          "1530319033973",
          "1530319038036",
          "1530319041937",
          "1530319044705",
          "1530319050085"
        ],
        "settings": {}
      },
      "1530440643431": {
        "type": "image-with-text",
        "settings": {
          "image": "shopify:\/\/shop_images\/build-a-bike.png",
          "layout": "left",
          "title": "Build the bike of your dreams",
          "text": "<p>Use our <a href=\"\/pages\/build-a-bike\" title=\"Build a Bike\">Build a Bike page<\/a> to configure a complete bike with exactly&nbsp;the components you want.<\/p>\n<p><\/p>",
          "button_label": "Build a Bike",
          "button_link": "shopify:\/\/pages\/build-a-bike"
        }
      }
    },
    "content_for_index": [
      "slideshow",
      "collection-list",
      "collection-row-1",
      "collection-row-2",
      "collection-row-3",
      "1530440643431"
    ]
  },
  "presets": {
    "Blue": {
      "ajax_cart_method": "modal",
      "cart_notes_enable": false,
      "collection_sidebar_filters": "tags",
      "color_accent": "#dd2525",
      "color_body_bg": "#fff",
      "color_body_text": "#585858",
      "color_borders": "#ececec",
      "color_footer_bg": "#f2f2f2",
      "color_footer_social_link": "#bbbbbb",
      "color_footer_text": "#636363",
      "color_header_background": "#182e49",
      "color_header_cart_search": "#0f243d",
      "color_header_text": "#fff",
      "color_heading_text": "#000",
      "color_nav_bg": "#182e49",
      "color_nav_text": "#fff",
      "color_primary": "#528ec1",
      "color_secondary": "#dcdcdc",
      "share_facebook": true,
      "share_pinterest": true,
      "share_twitter": true,
      "social_facebook_link": "",
      "social_fancy_link": "",
      "social_google_plus_link": "",
      "social_instagram_link": "",
      "social_pinterest_link": "",
      "social_sharing_style": "is-normal",
      "social_snapchat_link": "",
      "social_tumblr_link": "",
      "social_twitter_link": "",
      "social_vimeo_link": "",
      "social_youtube_link": "",
      "type_accent_font": "montserrat_n5",
      "type_base_font": "montserrat_n5",
      "type_base_size": "13px",
      "type_button_size": "14px",
      "type_button_transform": true,
      "type_header_font": "montserrat_n7",
      "type_header_transform": true,
      "type_navigation_size": "14px",
      "type_navigation_transform": true,
      "superscript_decimals": true,
      "sections": {
        "header": {
          "type": "header",
          "settings": {
            "logo": "",
            "logo_max_width": "305"
          }
        },
        "footer": {
          "type": "footer",
          "blocks": {
            "menu": {
              "type": "menu",
              "settings": {
                "title": "Quick links",
                "menu": "",
                "width": "16%"
              }
            },
            "text": {
              "type": "text",
              "settings": {
                "title": "Get in touch",
                "richtext": "<p>Use this text to share information about your brand with your customers.<\/p>",
                "width": "50%"
              }
            },
            "newsletter": {
              "type": "newsletter",
              "settings": {
                "title": "Newsletter",
                "width": "33%"
              }
            }
          },
          "block_order": [
            "menu",
            "text",
            "newsletter"
          ],
          "settings": {
            "social_enabled": false,
            "legal_menu": ""
          }
        },
        "slideshow": {
          "type": "slideshow",
          "blocks": {
            "slide-0": {
              "type": "image",
              "settings": {
                "slide": "",
                "link": ""
              }
            },
            "slide-1": {
              "type": "image",
              "settings": {
                "slide": "",
                "link": ""
              }
            },
            "slide-2": {
              "type": "image",
              "settings": {
                "slide": "",
                "link": ""
              }
            }
          },
          "block_order": [
            "slide-0",
            "slide-1",
            "slide-2"
          ],
          "settings": {
            "slider_home_auto": false,
            "slider_home_rate": "5000"
          }
        },
        "collection-list": {
          "type": "collection-list",
          "blocks": {
            "collection-list-0": {
              "type": "collection",
              "settings": {
                "collection": ""
              }
            },
            "collection-list-1": {
              "type": "collection",
              "settings": {
                "collection": ""
              }
            }
          },
          "block_order": [
            "collection-list-0",
            "collection-list-1"
          ],
          "settings": {}
        },
        "collection-row-1": {
          "type": "collection-rows",
          "settings": {
            "home_featured_row": "",
            "grid": 4,
            "rows": 1
          }
        },
        "collection-row-2": {
          "type": "collection-rows",
          "settings": {
            "home_featured_row": "",
            "grid": 4,
            "rows": 1
          }
        },
        "collection-row-3": {
          "type": "collection-rows",
          "settings": {
            "home_featured_row": "",
            "grid": 4,
            "rows": 1
          }
        }
      },
      "content_for_index": [
        "slideshow",
        "collection-list",
        "collection-row-1",
        "collection-row-2",
        "collection-row-3"
      ]
    },
    "Light": {
      "ajax_cart_method": "modal",
      "cart_notes_enable": false,
      "collection_sidebar_filters": "tags",
      "color_accent": "#545454",
      "color_body_bg": "#f3f3f3",
      "color_body_text": "#858585",
      "color_borders": "#dedede",
      "color_footer_bg": "#ffffff",
      "color_footer_social_link": "#545454",
      "color_footer_text": "#545454",
      "color_header_background": "#ffffff",
      "color_header_cart_search": "#f3f3f3",
      "color_header_text": "#545454",
      "color_heading_text": "#2f2f2f",
      "color_nav_bg": "#9c756f",
      "color_nav_text": "#ffffff",
      "color_primary": "#9c756f",
      "color_secondary": "#f3f3f3",
      "share_facebook": true,
      "share_pinterest": true,
      "share_twitter": true,
      "social_facebook_link": "",
      "social_google_plus_link": "",
      "social_instagram_link": "",
      "social_sharing_style": "is-normal",
      "social_twitter_link": "",
      "type_accent_font": "lato_n7",
      "type_base_font": "roboto_n4",
      "type_base_size": "14px",
      "type_button_size": "14px",
      "type_button_transform": true,
      "type_header_font": "times_new_roman_n7",
      "type_header_transform": false,
      "type_navigation_size": "14px",
      "type_navigation_transform": true,
      "superscript_decimals": true,
      "sections": {
        "header": {
          "type": "header",
          "settings": {
            "logo": "",
            "logo_max_width": "305"
          }
        },
        "footer": {
          "type": "footer",
          "blocks": {
            "menu": {
              "type": "menu",
              "settings": {
                "title": "Quick links",
                "menu": "",
                "width": "16%"
              }
            },
            "text": {
              "type": "text",
              "settings": {
                "title": "Get in touch",
                "richtext": "<p>Use this text to share information about your brand with your customers.<\/p>",
                "width": "50%"
              }
            },
            "newsletter": {
              "type": "newsletter",
              "settings": {
                "title": "Newsletter",
                "width": "33%"
              }
            }
          },
          "block_order": [
            "menu",
            "text",
            "newsletter"
          ],
          "settings": {
            "social_enabled": false,
            "legal_menu": ""
          }
        },
        "slideshow": {
          "type": "slideshow",
          "blocks": {
            "slide-0": {
              "type": "image",
              "settings": {
                "slide": "",
                "link": ""
              }
            }
          },
          "block_order": [
            "slide-0"
          ],
          "settings": {
            "slider_home_auto": false,
            "slider_home_rate": "5000"
          }
        },
        "collection-list": {
          "type": "collection-list",
          "blocks": {
            "collection-list-0": {
              "type": "collection",
              "settings": {
                "collection": ""
              }
            },
            "collection-list-1": {
              "type": "collection",
              "settings": {
                "collection": ""
              }
            }
          },
          "block_order": [
            "collection-list-0",
            "collection-list-1"
          ],
          "settings": {}
        },
        "collection-row-1": {
          "type": "collection-rows",
          "settings": {
            "home_featured_row": "",
            "grid": 4,
            "rows": 1
          }
        },
        "collection-row-2": {
          "type": "collection-rows",
          "settings": {
            "home_featured_row": "",
            "grid": 4,
            "rows": 1
          }
        },
        "collection-row-3": {
          "type": "collection-rows",
          "settings": {
            "home_featured_row": "",
            "grid": 4,
            "rows": 1
          }
        },
        "featured-content": {
          "type": "featured-content",
          "settings": {}
        },
        "slideshow-2": {
          "type": "slideshow",
          "blocks": {
            "slideshow-2-0": {
              "type": "image",
              "settings": {
                "slide": "",
                "link": ""
              }
            }
          },
          "block_order": [
            "slideshow-2-0"
          ],
          "settings": {
            "slider_home_auto": false,
            "slider_home_rate": "5000"
          }
        }
      },
      "content_for_index": [
        "slideshow",
        "collection-list",
        "collection-row-1",
        "collection-row-2",
        "collection-row-3",
        "slideshow-2",
        "featured-content"
      ]
    }
  }
}