[
  {
    "name": "theme_info",
    "theme_name": "The Bike Shed",
    "theme_author": "Miles Worthington",
    "theme_version": "1.0.0",
    "theme_documentation_url": "https://docs.google.com/document/d/18CAinbEYubsAfyy6hFeTDa8GIdTSm4xS1oJsQSgEH6E/edit?usp=sharing",
    "theme_support_url": "https://docs.google.com/document/d/18CAinbEYubsAfyy6hFeTDa8GIdTSm4xS1oJsQSgEH6E/edit?usp=sharing"
  },
  {
    "name": "Colors",
    "settings": [
      {
        "type": "header",
        "content": "General"
      },
      {
        "type": "color",
        "id": "color_primary",
        "label": "Primary content",
        "default": "#204a80",
        "info": "Text links and primary buttons"
      },
      {
        "type": "color",
        "id": "color_secondary",
        "label": "Secondary content",
        "default": "#dcdcdc",
        "info": "Secondary buttons"
      },
      {
        "type": "color",
        "id": "color_accent",
        "label": "Accents",
        "default": "#ffea00",
        "info": "Cart quantity"
      },
      {
        "type": "color",
        "id": "color_body_bg",
        "label": "Body background",
        "default": "#ffffff"
      },
      {
        "type": "color",
        "id": "color_borders",
        "label": "Borders",
        "default": "#ececec"
      },
      {
        "type": "color",
        "id": "product_reviews_star_color",
        "label": "Review Star color",
        "default": "#e5c649",
        "info": "This selection overrides your product review app settings."
      },
      {
        "type": "header",
        "content": "Header"
      },
      {
        "type": "color",
        "id": "color_header_background",
        "label": "Background",
        "default": "#fff"
      },
      {
        "type": "color",
        "id": "color_header_text",
        "label": "Text and links",
        "default": "#fff"
      },
      {
        "type": "color",
        "id": "color_header_cart_search",
        "label": "Cart button and search field",
        "default": "#fff"
      },
      {
        "type": "color",
        "id": "color_nav_bg",
        "label": "Main menu background",
        "default": "#000"
      },
      {
        "type": "color",
        "id": "color_nav_text",
        "label": "Main menu items",
        "default": "#fff"
      },
      {
        "type": "header",
        "content": "Text"
      },
      {
        "type": "color",
        "id": "color_body_text",
        "label": "Body",
        "default": "#333333"
      },
      {
        "type": "color",
        "id": "color_heading_text",
        "label": "Headings",
        "default": "#000000",
        "info": "All headings and bold product prices"
      },
      {
        "type": "header",
        "content": "Footer"
      },
      {
        "type": "color",
        "id": "color_footer_bg",
        "label": "Background",
        "default": "#f2f2f2"
      },
      {
        "type": "color",
        "id": "color_footer_text",
        "label": "Text",
        "default": "#636363"
      },
      {
        "type": "color",
        "id": "color_footer_social_link",
        "label": "Social media and payment icons",
        "default": "#bbbbbb"
      }
    ]
  },
  {
    "name": "Typography",
    "settings": [
      {
        "type": "header",
        "content": "Base styles"
      },
      {
        "type": "font_picker",
        "id": "type_base_font",
        "label": "Font",
        "default": "montserrat_n5"
      },
      {
        "type": "select",
        "id": "type_base_size",
        "label": "Font size",
        "options": [
          {
            "value": "12px",
            "label": "12px"
          },
          {
            "value": "13px",
            "label": "13px"
          },
          {
            "value": "14px",
            "label": "14px"
          },
          {
            "value": "15px",
            "label": "15px"
          },
          {
            "value": "16px",
            "label": "16px"
          }
        ]
      },
      {
        "type": "header",
        "content": "Heading styles"
      },
      {
        "type": "font_picker",
        "id": "type_header_font",
        "label": "Font",
        "default": "montserrat_n7"
      },
      {
        "type": "checkbox",
        "id": "type_header_transform",
        "label": "Capitalize headings"
      },
      {
        "type": "header",
        "content": "Navigation and buttons styles"
      },
      {
        "type": "font_picker",
        "id": "type_accent_font",
        "label": "Main menu and button font",
        "default": "montserrat_n5"
      },
      {
        "type": "select",
        "id": "type_navigation_size",
        "label": "Main menu font size",
        "options": [
          {
            "value": "14px",
            "label": "14px"
          },
          {
            "value": "15px",
            "label": "15px"
          },
          {
            "value": "16px",
            "label": "16px"
          },
          {
            "value": "17px",
            "label": "17px"
          },
          {
            "value": "18px",
            "label": "18px"
          },
          {
            "value": "19px",
            "label": "19px"
          }
        ]
      },
      {
        "type": "checkbox",
        "id": "type_navigation_transform",
        "label": "Capitalize main menu items"
      },
      {
        "type": "select",
        "id": "type_button_size",
        "label": "Button font size",
        "options": [
          {
            "value": "14px",
            "label": "14px"
          },
          {
            "value": "15px",
            "label": "15px"
          },
          {
            "value": "16px",
            "label": "16px"
          },
          {
            "value": "17px",
            "label": "17px"
          },
          {
            "value": "18px",
            "label": "18px"
          }
        ]
      },
      {
        "type": "checkbox",
        "id": "type_button_transform",
        "label": "Capitalize buttons"
      }
    ]
  },
  {
    "name": "Favicon",
    "settings": [
      {
        "type": "image_picker",
        "id": "favicon",
        "label": "Favicon image",
        "info": "Will be scaled down to 32 x 32px"
      }
    ]
  },
  {
    "name": "Cart",
    "settings": [
      {
        "type": "checkbox",
        "id": "cart_notes_enable",
        "label": "Enable order notes"
      },
      {
        "type": "select",
        "id": "ajax_cart_method",
        "label": "Cart type",
        "options": [
          {
            "value": "drawer",
            "label": "Drawer"
          },
          {
            "value": "page",
            "label": "Page"
          },
          {
            "value": "modal",
            "label": "Modal"
          }
        ]
      }
    ]
  },
  {
    "name": "Social media",
    "settings": [
      {
        "type": "header",
        "content": "Social sharing image"
      },
      {
        "type": "image_picker",
        "id": "share_image",
        "label": "Image",
        "info": "Shown when sharing a link on social media. [Learn more](https://help.shopify.com/manual/using-themes/troubleshooting/showing-social-media-thumbnail-images/) about image thumbnails."
      },
      {
        "type": "header",
        "content": "Accounts"
      },
      {
        "type": "text",
        "id": "social_twitter_link",
        "label": "Twitter",
        "info": "https://twitter.com/shopify"
      },
      {
        "type": "text",
        "id": "social_facebook_link",
        "label": "Facebook",
        "info": "https://facebook.com/shopify"
      },
      {
        "type": "text",
        "id": "social_pinterest_link",
        "label": "Pinterest",
        "info": "https://pinterest.com/shopify"
      },
      {
        "type": "text",
        "id": "social_google_plus_link",
        "label": "Google+",
        "info": "https://plus.google.com/+shopify"
      },
      {
        "type": "text",
        "id": "social_instagram_link",
        "label": "Instagram",
        "info": "https://instagram.com/shopify"
      },
      {
        "type": "text",
        "id": "social_snapchat_link",
        "label": "Snapchat",
        "info": "https://snapchat.com/add/shopify"
      },
      {
        "type": "text",
        "id": "social_tumblr_link",
        "label": "Tumblr",
        "info": "https://www.tumblr.com"
      },
      {
        "type": "text",
        "id": "social_youtube_link",
        "label": "YouTube",
        "info": "https://www.youtube.com/shopify"
      },
      {
        "type": "text",
        "id": "social_vimeo_link",
        "label": "Vimeo",
        "info": "https://vimeo.com/shopify"
      },
      {
        "type": "text",
        "id": "social_fancy_link",
        "label": "Fancy",
        "info": "http://fancy.com/shopify"
      },
      {
        "type": "header",
        "content": "Sharing"
      },
      {
        "type": "select",
        "id": "social_sharing_style",
        "label": "Button style",
        "options": [
          {
            "value": "is-default",
            "label": "Normal"
          },
          {
            "value": "is-large",
            "label": "Large"
          },
          {
            "value": "is-clean",
            "label": "Clean"
          }
        ]
      },
      {
        "type": "checkbox",
        "id": "share_facebook",
        "label": "Share on Facebook"
      },
      {
        "type": "checkbox",
        "id": "share_twitter",
        "label": "Tweet on Twitter"
      },
      {
        "type": "checkbox",
        "id": "share_pinterest",
        "label": "Pin on Pinterest"
      }
    ]
  },
  {
    "name": "Price format",
    "settings": [
      {
        "type": "checkbox",
        "id": "superscript_decimals",
        "label": "Show cents as superscript",
        "info": "This setting won't apply if you're using a [currency selector](https://help.shopify.com/themes/customization/currencies/switch-between-two-currencies) or format that includes a period before the number. For example: RS.1,000.00. [More info.](https://help.shopify.com/manual/using-themes/themes-by-shopify/supply#price-format-general-settings-specific)"
      }
    ]
  }
]